,sex,age,T,N,M,stage,grade,class,VHL,PBRM1,BAP1,SETD2,KDM5C,X3p,X5q,X7p,X9p,X12p,X14q
A41_T,female,40-60,T1,N0,M0,stage I,2,1,WT,mut,WT,WT,WT,loss,WT,gain,WT,WT,WT
C115_T,male,40-60,T1,N0,M0,stage I,2,2,mut,mut,WT,WT,WT,loss,gain,gain,WT,WT,loss
C24_T,female,>60,T4,N0,M0,stage IV,3,2,mut,mut,WT,WT,WT,loss,WT,WT,WT,WT,loss
C99_T,female,40-60,T2,N0,M0,stage II,2,2,WT,WT,WT,WT,WT,loss,WT,WT,WT,WT,WT
D36_T,male,40-60,T1,N0,M0,stage I,3,2,mut,mut,WT,WT,WT,loss,WT,gain,WT,WT,WT
D65_T,male,>60,T1,N0,M0,stage I,2,1,mut,mut,WT,WT,WT,loss,WT,WT,WT,WT,WT
F20_T,female,>60,T3,N0,M0,stage III,3,3,WT,WT,WT,WT,WT,loss,gain,WT,loss,WT,WT
F44_T,female,40-60,T1,N0,M0,stage I,2,1,mut,mut,WT,WT,WT,loss,WT,WT,WT,WT,WT
F69_T,female,40-60,T1,N0,M0,stage I,2,1,mut,WT,WT,WT,WT,loss,WT,WT,WT,WT,WT
G30_T,male,40-60,T3,N0,M0,stage III,2,2,mut,mut,WT,WT,WT,loss,gain,gain,loss,WT,loss
G80_T,male,40-60,T1,N0,M0,stage I,2,2,mut,mut,WT,WT,WT,loss,gain,gain,WT,WT,WT
H11_T,male,>60,T1,N0,M0,stage I,2,3,mut,WT,WT,WT,WT,loss,gain,WT,WT,WT,WT
H17_T,male,>60,T1,N0,M0,stage I,2,2,mut,mut,mut,WT,WT,loss,WT,WT,WT,WT,WT
H35_T,male,>60,T1,N0,M0,stage I,4,3,WT,mut,WT,WT,WT,loss,WT,WT,loss,WT,loss
H46_T,male,>60,T3,N0,M0,stage III,2,4,mut,mut,WT,WT,WT,loss,gain,gain,loss,gain,WT
H4_T,female,40-60,T1,N0,M0,stage I,2,1,mut,mut,WT,WT,WT,loss,WT,gain,WT,WT,WT
H63_T,male,>60,T1,N0,M0,stage I,2,1,WT,WT,WT,WT,WT,WT,WT,WT,WT,WT,WT
H78_T,female,40-60,T1,N0,M0,stage I,2,1,mut,mut,WT,WT,mut,loss,WT,WT,WT,WT,WT
H85_T,female,>60,T1,N0,M0,stage I,2,1,mut,mut,WT,WT,WT,loss,WT,WT,WT,WT,WT
H91_T,female,40-60,T1,N0,M0,stage I,1,1,WT,WT,WT,WT,WT,NA,NA,NA,NA,NA,NA
J106_T,male,40-60,T1,N0,M0,stage I,2,3,mut,WT,WT,WT,WT,loss,WT,WT,WT,WT,WT
J111_T,female,40-60,T1,N0,M0,stage I,2,2,mut,mut,WT,WT,WT,loss,WT,WT,WT,WT,WT
J32_T,male,>60,T1,N0,M0,stage I,3,2,mut,WT,WT,mut,WT,loss,gain,WT,WT,WT,loss
J38_T,male,<40,T1,N0,M0,stage I,2,1,WT,WT,WT,WT,WT,loss,WT,gain,WT,WT,WT
L103_T,female,40-60,T1,N0,M0,stage I,2,2,mut,WT,WT,WT,WT,loss,WT,WT,WT,WT,WT
L112_T,female,<40,T1,N0,M0,stage I,2,3,mut,WT,WT,WT,WT,WT,gain,WT,WT,WT,WT
L113_T,male,>60,T1,N0,M0,stage I,4,3,WT,WT,WT,WT,WT,loss,gain,WT,loss,WT,loss
L28_T,male,40-60,T2,N0,M0,stage II,2,3,mut,mut,WT,WT,WT,loss,gain,WT,WT,WT,WT
L3_T,male,>60,T1,N0,M0,stage I,2,2,WT,WT,WT,mut,WT,loss,gain,WT,WT,WT,WT
L50_T,female,>60,T1,N0,M0,stage I,3,2,mut,mut,WT,WT,WT,loss,WT,WT,WT,WT,WT
L52_T,male,<40,T1,N0,M0,stage I,2,1,mut,WT,WT,WT,WT,loss,WT,WT,WT,WT,WT
L60_T,male,>60,T3,N0,M0,stage III,2,3,mut,WT,WT,WT,WT,loss,WT,gain,WT,WT,WT
L61_T,male,40-60,T1,N0,M0,stage I,1,4,mut,WT,WT,WT,WT,loss,WT,WT,WT,WT,WT
L64_T,male,>60,T1,N0,M0,stage I,2,3,WT,WT,WT,WT,WT,loss,WT,gain,WT,WT,WT
L68_T,female,40-60,T3,N0,M0,stage III,3,4,WT,WT,mut,WT,WT,loss,gain,gain,WT,gain,loss
L6_T,male,<40,T1,N0,M0,stage I,3,3,mut,WT,WT,WT,WT,loss,gain,WT,WT,gain,WT
L75_T,male,40-60,T1,N0,M0,stage I,2,4,WT,WT,mut,WT,WT,loss,WT,WT,loss,WT,loss
L90_T,male,40-60,T1,N0,M0,stage I,2,1,mut,WT,WT,WT,WT,loss,WT,gain,WT,WT,WT
L95_T,male,<40,T1,N0,M0,stage I,1,3,mut,WT,WT,WT,WT,loss,WT,WT,WT,gain,WT
L97_T,male,40-60,T3,N0,M0,stage III,2,3,mut,mut,WT,WT,WT,loss,gain,WT,loss,WT,WT
L9_T,male,40-60,T1,N0,M0,stage I,3,1,WT,WT,WT,WT,WT,WT,WT,WT,WT,WT,WT
M104_T,male,40-60,T1,N0,M0,stage I,2,3,mut,WT,WT,WT,WT,NA,NA,NA,NA,NA,NA
M72_T,male,<40,T1,N0,M0,stage I,2,3,mut,WT,WT,WT,WT,loss,gain,WT,WT,WT,WT
N39_T,male,>60,T2,N0,M0,stage II,2,3,mut,mut,WT,mut,mut,loss,gain,WT,loss,gain,loss
P1_T,male,>60,T1,N0,M0,stage I,2,2,WT,mut,WT,WT,WT,loss,gain,WT,WT,WT,loss
P21_T,male,40-60,T1,N0,M0,stage I,3,3,mut,WT,mut,WT,WT,loss,gain,gain,loss,gain,loss
P88_T,female,>60,T1,N0,M0,stage I,2,2,mut,WT,WT,WT,WT,loss,WT,WT,WT,WT,WT
Q93_T,male,40-60,T1,N0,M0,stage I,2,3,WT,WT,WT,WT,WT,WT,WT,WT,WT,WT,WT
R114_T,male,40-60,T3,N0,M0,stage III,3,2,mut,WT,WT,WT,WT,loss,gain,WT,WT,WT,WT
R25_T,male,40-60,T1,N0,M0,stage I,3,3,mut,WT,mut,WT,WT,loss,gain,WT,WT,WT,loss
R29_T,male,40-60,T2,N1,M1,stage IV,3,3,mut,WT,WT,WT,WT,loss,gain,WT,WT,WT,loss
R51_T,male,>60,T3,N0,M1,stage IV,3,3,mut,WT,WT,WT,WT,loss,gain,gain,WT,gain,loss
R82_T,female,>60,T3,N0,M0,stage III,4,3,WT,WT,WT,WT,WT,loss,WT,gain,loss,WT,loss
S15_T,female,<40,T1,N0,M0,stage I,2,2,mut,WT,WT,WT,mut,loss,gain,WT,loss,gain,loss
S2_T,male,>60,T1,N0,M0,stage I,3,3,mut,WT,WT,mut,WT,loss,gain,WT,WT,WT,WT
S86_T,male,40-60,T1,N0,M0,stage I,2,4,mut,mut,WT,mut,WT,loss,WT,gain,loss,gain,loss
S92_T,male,>60,T2,N0,M0,stage II,2,2,mut,WT,WT,WT,WT,loss,gain,gain,WT,WT,WT
T42_T,female,>60,T1,N0,M0,stage I,2,3,WT,mut,WT,mut,WT,NA,NA,NA,NA,NA,NA
W101_T,female,40-60,T3,N0,M0,stage III,3,4,WT,WT,mut,mut,WT,loss,gain,gain,WT,gain,WT
W105_T,male,40-60,T1,N0,M0,stage I,3,3,mut,WT,mut,WT,WT,loss,WT,WT,loss,gain,loss
W108_T,female,>60,T1,N0,M0,stage I,2,3,mut,WT,WT,mut,WT,loss,gain,gain,loss,gain,WT
W116_T,female,>60,T1,N0,M0,stage I,2,1,mut,WT,WT,WT,WT,loss,WT,WT,WT,WT,WT
W14_T,male,40-60,T1,N0,M0,stage I,2,1,mut,mut,WT,WT,WT,loss,gain,WT,WT,WT,WT
W18_T,female,40-60,T1,N0,M0,stage I,3,1,mut,WT,WT,WT,WT,loss,WT,WT,loss,WT,WT
W33_T,female,40-60,T1,N0,M0,stage I,2,2,mut,WT,WT,WT,WT,loss,gain,WT,WT,WT,WT
W37_T,male,>60,T2,N0,M0,stage II,3,3,mut,WT,WT,WT,WT,loss,gain,gain,WT,WT,loss
W59_T,male,40-60,T1,N0,M0,stage I,1,2,mut,mut,WT,WT,WT,loss,gain,WT,WT,WT,WT
W5_T,male,40-60,T3,N0,M0,stage III,3,4,mut,WT,WT,WT,WT,loss,WT,WT,loss,gain,WT
W66_T,female,<40,T1,N0,M0,stage I,3,4,mut,WT,WT,WT,WT,loss,gain,WT,loss,WT,WT
W73_T,male,40-60,T1,N0,M0,stage I,3,3,mut,WT,WT,WT,WT,loss,WT,gain,WT,WT,WT
X117_T,male,40-60,T1,N0,M0,stage I,4,4,mut,WT,mut,mut,WT,loss,WT,gain,loss,gain,WT
X13_T,female,>60,T3,N0,M0,stage III,2,3,mut,WT,mut,WT,WT,loss,WT,WT,loss,WT,loss
X22_T,female,>60,T1,N0,M0,stage I,3,1,mut,mut,WT,WT,WT,loss,WT,WT,WT,WT,loss
X34_T,female,40-60,T4,N0,M0,stage IV,3,4,mut,mut,WT,WT,WT,loss,gain,gain,loss,gain,WT
X49_T,male,40-60,T2,N0,M0,stage II,3,2,mut,WT,WT,WT,WT,loss,gain,WT,WT,WT,WT
X94_T,female,40-60,T1,N0,M0,stage I,2,3,mut,mut,WT,WT,WT,loss,gain,WT,WT,WT,loss
X98_T,male,40-60,T1,N0,M0,stage I,2,1,WT,WT,WT,WT,WT,NA,NA,NA,NA,NA,NA
Y102_T,female,>60,T1,N0,M0,stage I,2,4,WT,WT,WT,WT,WT,NA,NA,NA,NA,NA,NA
Y10_T,male,>60,T1,N0,M0,stage I,2,3,mut,WT,WT,WT,WT,loss,gain,WT,WT,gain,WT
Y12_T,female,40-60,T1,N0,M0,stage I,2,3,mut,WT,WT,mut,WT,loss,gain,WT,WT,WT,WT
Y19_T,female,40-60,T1,N0,M0,stage I,2,2,WT,WT,WT,WT,WT,loss,WT,WT,WT,WT,WT
Y27_T,male,>60,T1,N0,M0,stage I,3,2,WT,WT,WT,WT,WT,loss,gain,WT,WT,WT,WT
Y48_T,female,>60,T1,N0,M0,stage I,3,3,mut,WT,WT,WT,mut,loss,gain,WT,WT,WT,WT
Y57_T,male,>60,T1,N0,M0,stage I,1,1,mut,WT,WT,WT,WT,loss,gain,WT,WT,WT,WT
Y7_T,female,>60,T1,N0,M0,stage I,2,2,mut,WT,WT,WT,WT,loss,gain,WT,WT,WT,WT
Y89_T,male,40-60,T1,N0,M0,stage I,2,4,mut,mut,WT,WT,WT,loss,gain,WT,loss,gain,loss
Y8_T,male,>60,T1,N0,M0,stage I,3,4,mut,WT,WT,WT,WT,loss,gain,gain,WT,gain,WT
Z16_T,female,>60,T2,N0,M1,stage IV,4,3,mut,mut,WT,WT,WT,loss,WT,gain,WT,WT,WT
Z23_T,male,40-60,T2,N0,M0,stage II,4,3,mut,mut,mut,WT,WT,loss,WT,gain,loss,gain,loss
Z26_T,male,40-60,T1,N0,M0,stage I,2,2,WT,WT,WT,WT,WT,WT,WT,WT,WT,WT,WT
Z43_T,male,40-60,T1,N0,M0,stage I,2,1,mut,mut,WT,WT,WT,loss,WT,gain,WT,WT,WT
Z58_T,male,>60,T1,N0,M0,stage I,3,3,mut,mut,WT,mut,WT,WT,gain,gain,loss,gain,loss
Z76_T,male,>60,T1,N0,M0,stage I,2,1,mut,WT,WT,WT,WT,loss,WT,WT,WT,WT,WT
Z81_T,male,40-60,T1,N0,M0,stage I,2,2,mut,mut,WT,mut,WT,loss,gain,WT,WT,WT,WT
Z84_T,male,<40,T1,N0,M0,stage I,2,1,mut,WT,WT,WT,WT,loss,WT,WT,WT,WT,WT
Z87_T,female,>60,T1,N0,M0,stage I,2,3,mut,WT,WT,WT,WT,loss,WT,WT,loss,WT,loss
Z96_T,male,40-60,T1,N0,M0,stage I,3,4,mut,mut,WT,mut,WT,loss,WT,gain,loss,gain,WT
W62_T,male,40-60,T3,N0,M0,stage III,4,4,WT,WT,WT,WT,WT,loss,gain,WT,loss,WT,loss
O31_T,female,40-60,T1,N0,M0,stage I,2,2,WT,WT,WT,WT,WT,loss,WT,WT,WT,gain,WT
T45_T,male,>60,T1,N0,M0,stage I,3,2,WT,WT,WT,WT,mut,loss,WT,WT,loss,WT,WT
